{"cameraMode":{"drawMode":0,"name":"Shaded","section":"Shading Mode"},"sceneLighting":false,"audioPlay":false,"sceneViewState":{"showFog":true,"showMaterialUpdate":false,"showSkybox":false,"showFlares":true,"showImageEffects":true,"showParticleSystems":true},"in2DMode":false,"pivot":{"x":0.0032529905438423158,"y":0.0,"z":-0.9546731114387512},"rotation":{"x":0.32396605610847475,"y":0.5286126732826233,"z":-0.22811824083328248,"w":0.7507190704345703},"size":0.675506591796875,"orthographic":false}